type,GEOID,racial_majority,month,filings_2020,filings_avg,last_updated
Zip Code,23112,White,01/2020,36,51,2022-05-07
Zip Code,23112,White,02/2020,31,28,2022-05-07
Zip Code,23112,White,03/2020,17,24,2022-05-07
Zip Code,23112,White,04/2020,0,34,2022-05-07
Zip Code,23112,White,05/2020,2,40,2022-05-07
Zip Code,23112,White,06/2020,7,42,2022-05-07
Zip Code,23112,White,07/2020,8,41,2022-05-07
Zip Code,23112,White,08/2020,7,41,2022-05-07
Zip Code,23112,White,09/2020,23,49,2022-05-07
Zip Code,23112,White,10/2020,11,42,2022-05-07
Zip Code,23112,White,11/2020,4,49,2022-05-07
Zip Code,23112,White,12/2020,3,57,2022-05-07
Zip Code,23112,White,01/2021,4,51,2022-05-07
Zip Code,23112,White,02/2021,7,26,2022-05-07
Zip Code,23112,White,03/2021,6,24,2022-05-07
Zip Code,23112,White,04/2021,8,34,2022-05-07
Zip Code,23112,White,05/2021,2,40,2022-05-07
Zip Code,23112,White,06/2021,2,42,2022-05-07
Zip Code,23112,White,07/2021,0,41,2022-05-07
Zip Code,23112,White,08/2021,3,41,2022-05-07
Zip Code,23112,White,09/2021,2,49,2022-05-07
Zip Code,23112,White,10/2021,14,42,2022-05-07
Zip Code,23112,White,11/2021,8,49,2022-05-07
Zip Code,23112,White,12/2021,17,57,2022-05-07
Zip Code,23112,White,01/2022,49,51,2022-05-07
Zip Code,23112,White,02/2022,28,26,2022-05-07
Zip Code,23112,White,03/2022,25,24,2022-05-07
Zip Code,23112,White,04/2022,17,34,2022-05-07
Zip Code,23112,White,05/2022,4,1,2022-05-07
Zip Code,23113,White,01/2020,1,10,2022-05-07
Zip Code,23113,White,02/2020,2,1,2022-05-07
Zip Code,23113,White,03/2020,0,10,2022-05-07
Zip Code,23113,White,04/2020,0,9,2022-05-07
Zip Code,23113,White,05/2020,1,14,2022-05-07
Zip Code,23113,White,06/2020,0,12,2022-05-07
Zip Code,23113,White,07/2020,5,12,2022-05-07
Zip Code,23113,White,08/2020,5,4,2022-05-07
Zip Code,23113,White,09/2020,5,6,2022-05-07
Zip Code,23113,White,10/2020,9,4,2022-05-07
Zip Code,23113,White,11/2020,0,4,2022-05-07
Zip Code,23113,White,12/2020,0,3,2022-05-07
Zip Code,23113,White,01/2021,2,10,2022-05-07
Zip Code,23113,White,02/2021,3,1,2022-05-07
Zip Code,23113,White,03/2021,2,10,2022-05-07
Zip Code,23113,White,04/2021,1,9,2022-05-07
Zip Code,23113,White,05/2021,2,14,2022-05-07
Zip Code,23113,White,06/2021,0,12,2022-05-07
Zip Code,23113,White,07/2021,2,12,2022-05-07
Zip Code,23113,White,08/2021,2,4,2022-05-07
Zip Code,23113,White,09/2021,1,6,2022-05-07
Zip Code,23113,White,10/2021,2,4,2022-05-07
Zip Code,23113,White,11/2021,1,4,2022-05-07
Zip Code,23113,White,12/2021,5,3,2022-05-07
Zip Code,23113,White,01/2022,4,10,2022-05-07
Zip Code,23113,White,02/2022,7,1,2022-05-07
Zip Code,23113,White,03/2022,15,10,2022-05-07
Zip Code,23113,White,04/2022,1,9,2022-05-07
Zip Code,23113,White,05/2022,0,1,2022-05-07
Zip Code,23114,White,01/2020,4,16,2022-05-07
Zip Code,23114,White,02/2020,2,5,2022-05-07
Zip Code,23114,White,03/2020,1,7,2022-05-07
Zip Code,23114,White,04/2020,0,10,2022-05-07
Zip Code,23114,White,05/2020,0,8,2022-05-07
Zip Code,23114,White,06/2020,0,9,2022-05-07
Zip Code,23114,White,07/2020,4,19,2022-05-07
Zip Code,23114,White,08/2020,5,2,2022-05-07
Zip Code,23114,White,09/2020,7,20,2022-05-07
Zip Code,23114,White,10/2020,11,9,2022-05-07
Zip Code,23114,White,11/2020,1,11,2022-05-07
Zip Code,23114,White,12/2020,0,8,2022-05-07
Zip Code,23114,White,01/2021,1,16,2022-05-07
Zip Code,23114,White,02/2021,3,5,2022-05-07
Zip Code,23114,White,03/2021,2,7,2022-05-07
Zip Code,23114,White,04/2021,1,10,2022-05-07
Zip Code,23114,White,05/2021,1,8,2022-05-07
Zip Code,23114,White,06/2021,0,9,2022-05-07
Zip Code,23114,White,07/2021,0,19,2022-05-07
Zip Code,23114,White,08/2021,3,2,2022-05-07
Zip Code,23114,White,09/2021,1,20,2022-05-07
Zip Code,23114,White,10/2021,0,9,2022-05-07
Zip Code,23114,White,11/2021,8,11,2022-05-07
Zip Code,23114,White,12/2021,6,8,2022-05-07
Zip Code,23114,White,01/2022,3,16,2022-05-07
Zip Code,23114,White,02/2022,4,5,2022-05-07
Zip Code,23114,White,03/2022,4,7,2022-05-07
Zip Code,23114,White,04/2022,5,10,2022-05-07
Zip Code,23114,White,05/2022,0,0,2022-05-07
Zip Code,23120,White,01/2020,0,1,2022-05-07
Zip Code,23120,White,02/2020,1,2,2022-05-07
Zip Code,23120,White,03/2020,0,0,2022-05-07
Zip Code,23120,White,04/2020,0,2,2022-05-07
Zip Code,23120,White,05/2020,0,1,2022-05-07
Zip Code,23120,White,06/2020,0,0,2022-05-07
Zip Code,23120,White,07/2020,0,0,2022-05-07
Zip Code,23120,White,08/2020,1,1,2022-05-07
Zip Code,23120,White,09/2020,0,0,2022-05-07
Zip Code,23120,White,10/2020,0,1,2022-05-07
Zip Code,23120,White,11/2020,0,3,2022-05-07
Zip Code,23120,White,12/2020,0,1,2022-05-07
Zip Code,23120,White,01/2021,0,1,2022-05-07
Zip Code,23120,White,02/2021,0,2,2022-05-07
Zip Code,23120,White,03/2021,0,0,2022-05-07
Zip Code,23120,White,04/2021,2,2,2022-05-07
Zip Code,23120,White,05/2021,3,1,2022-05-07
Zip Code,23120,White,06/2021,0,0,2022-05-07
Zip Code,23120,White,07/2021,1,0,2022-05-07
Zip Code,23120,White,08/2021,0,1,2022-05-07
Zip Code,23120,White,09/2021,0,0,2022-05-07
Zip Code,23120,White,10/2021,0,1,2022-05-07
Zip Code,23120,White,11/2021,1,3,2022-05-07
Zip Code,23120,White,12/2021,0,1,2022-05-07
Zip Code,23120,White,01/2022,0,1,2022-05-07
Zip Code,23120,White,02/2022,0,2,2022-05-07
Zip Code,23120,White,03/2022,2,0,2022-05-07
Zip Code,23120,White,04/2022,1,2,2022-05-07
Zip Code,23120,White,05/2022,1,0,2022-05-07
Zip Code,23218,Other,01/2020,0,0,2022-05-07
Zip Code,23218,Other,02/2020,0,0,2022-05-07
Zip Code,23218,Other,03/2020,0,0,2022-05-07
Zip Code,23218,Other,04/2020,0,0,2022-05-07
Zip Code,23218,Other,05/2020,0,0,2022-05-07
Zip Code,23218,Other,06/2020,0,0,2022-05-07
Zip Code,23218,Other,07/2020,0,0,2022-05-07
Zip Code,23218,Other,08/2020,0,0,2022-05-07
Zip Code,23218,Other,09/2020,0,0,2022-05-07
Zip Code,23218,Other,10/2020,0,0,2022-05-07
Zip Code,23218,Other,11/2020,0,0,2022-05-07
Zip Code,23218,Other,12/2020,0,0,2022-05-07
Zip Code,23218,Other,01/2021,0,0,2022-05-07
Zip Code,23218,Other,02/2021,0,0,2022-05-07
Zip Code,23218,Other,03/2021,0,0,2022-05-07
Zip Code,23218,Other,04/2021,0,0,2022-05-07
Zip Code,23218,Other,05/2021,0,0,2022-05-07
Zip Code,23218,Other,06/2021,0,0,2022-05-07
Zip Code,23218,Other,07/2021,0,0,2022-05-07
Zip Code,23218,Other,08/2021,0,0,2022-05-07
Zip Code,23218,Other,09/2021,0,0,2022-05-07
Zip Code,23218,Other,10/2021,0,0,2022-05-07
Zip Code,23218,Other,11/2021,0,0,2022-05-07
Zip Code,23218,Other,12/2021,0,0,2022-05-07
Zip Code,23218,Other,01/2022,0,0,2022-05-07
Zip Code,23218,Other,02/2022,0,0,2022-05-07
Zip Code,23218,Other,03/2022,0,0,2022-05-07
Zip Code,23218,Other,04/2022,0,0,2022-05-07
Zip Code,23218,Other,05/2022,0,0,2022-05-07
Zip Code,23219,Other,01/2020,26,23,2022-05-07
Zip Code,23219,Other,02/2020,29,36,2022-05-07
Zip Code,23219,Other,03/2020,18,11,2022-05-07
Zip Code,23219,Other,04/2020,9,20,2022-05-07
Zip Code,23219,Other,05/2020,2,32,2022-05-07
Zip Code,23219,Other,06/2020,1,18,2022-05-07
Zip Code,23219,Other,07/2020,11,32,2022-05-07
Zip Code,23219,Other,08/2020,22,10,2022-05-07
Zip Code,23219,Other,09/2020,29,26,2022-05-07
Zip Code,23219,Other,10/2020,12,20,2022-05-07
Zip Code,23219,Other,11/2020,4,16,2022-05-07
Zip Code,23219,Other,12/2020,3,13,2022-05-07
Zip Code,23219,Other,01/2021,16,23,2022-05-07
Zip Code,23219,Other,02/2021,12,31,2022-05-07
Zip Code,23219,Other,03/2021,6,11,2022-05-07
Zip Code,23219,Other,04/2021,6,20,2022-05-07
Zip Code,23219,Other,05/2021,1,32,2022-05-07
Zip Code,23219,Other,06/2021,4,18,2022-05-07
Zip Code,23219,Other,07/2021,7,32,2022-05-07
Zip Code,23219,Other,08/2021,2,10,2022-05-07
Zip Code,23219,Other,09/2021,6,26,2022-05-07
Zip Code,23219,Other,10/2021,3,20,2022-05-07
Zip Code,23219,Other,11/2021,5,16,2022-05-07
Zip Code,23219,Other,12/2021,5,13,2022-05-07
Zip Code,23219,Other,01/2022,5,23,2022-05-07
Zip Code,23219,Other,02/2022,4,31,2022-05-07
Zip Code,23219,Other,03/2022,32,11,2022-05-07
Zip Code,23219,Other,04/2022,16,20,2022-05-07
Zip Code,23219,Other,05/2022,1,7,2022-05-07
Zip Code,23220,White,01/2020,87,119,2022-05-07
Zip Code,23220,White,02/2020,48,121,2022-05-07
Zip Code,23220,White,03/2020,60,92,2022-05-07
Zip Code,23220,White,04/2020,16,99,2022-05-07
Zip Code,23220,White,05/2020,35,93,2022-05-07
Zip Code,23220,White,06/2020,4,114,2022-05-07
Zip Code,23220,White,07/2020,29,93,2022-05-07
Zip Code,23220,White,08/2020,26,73,2022-05-07
Zip Code,23220,White,09/2020,34,102,2022-05-07
Zip Code,23220,White,10/2020,38,95,2022-05-07
Zip Code,23220,White,11/2020,19,122,2022-05-07
Zip Code,23220,White,12/2020,10,64,2022-05-07
Zip Code,23220,White,01/2021,15,119,2022-05-07
Zip Code,23220,White,02/2021,2,120,2022-05-07
Zip Code,23220,White,03/2021,32,92,2022-05-07
Zip Code,23220,White,04/2021,12,99,2022-05-07
Zip Code,23220,White,05/2021,29,93,2022-05-07
Zip Code,23220,White,06/2021,10,114,2022-05-07
Zip Code,23220,White,07/2021,14,93,2022-05-07
Zip Code,23220,White,08/2021,16,73,2022-05-07
Zip Code,23220,White,09/2021,17,102,2022-05-07
Zip Code,23220,White,10/2021,28,95,2022-05-07
Zip Code,23220,White,11/2021,14,122,2022-05-07
Zip Code,23220,White,12/2021,12,64,2022-05-07
Zip Code,23220,White,01/2022,13,119,2022-05-07
Zip Code,23220,White,02/2022,7,120,2022-05-07
Zip Code,23220,White,03/2022,31,92,2022-05-07
Zip Code,23220,White,04/2022,23,99,2022-05-07
Zip Code,23220,White,05/2022,0,29,2022-05-07
Zip Code,23221,White,01/2020,7,12,2022-05-07
Zip Code,23221,White,02/2020,6,12,2022-05-07
Zip Code,23221,White,03/2020,1,8,2022-05-07
Zip Code,23221,White,04/2020,3,10,2022-05-07
Zip Code,23221,White,05/2020,1,9,2022-05-07
Zip Code,23221,White,06/2020,2,11,2022-05-07
Zip Code,23221,White,07/2020,3,11,2022-05-07
Zip Code,23221,White,08/2020,4,11,2022-05-07
Zip Code,23221,White,09/2020,7,8,2022-05-07
Zip Code,23221,White,10/2020,3,10,2022-05-07
Zip Code,23221,White,11/2020,0,11,2022-05-07
Zip Code,23221,White,12/2020,0,7,2022-05-07
Zip Code,23221,White,01/2021,3,12,2022-05-07
Zip Code,23221,White,02/2021,1,12,2022-05-07
Zip Code,23221,White,03/2021,0,8,2022-05-07
Zip Code,23221,White,04/2021,0,10,2022-05-07
Zip Code,23221,White,05/2021,4,9,2022-05-07
Zip Code,23221,White,06/2021,2,11,2022-05-07
Zip Code,23221,White,07/2021,1,11,2022-05-07
Zip Code,23221,White,08/2021,3,11,2022-05-07
Zip Code,23221,White,09/2021,5,8,2022-05-07
Zip Code,23221,White,10/2021,3,10,2022-05-07
Zip Code,23221,White,11/2021,1,11,2022-05-07
Zip Code,23221,White,12/2021,3,7,2022-05-07
Zip Code,23221,White,01/2022,0,12,2022-05-07
Zip Code,23221,White,02/2022,3,12,2022-05-07
Zip Code,23221,White,03/2022,0,8,2022-05-07
Zip Code,23221,White,04/2022,3,10,2022-05-07
Zip Code,23221,White,05/2022,2,0,2022-05-07
Zip Code,23222,Black,01/2020,150,173,2022-05-07
Zip Code,23222,Black,02/2020,100,111,2022-05-07
Zip Code,23222,Black,03/2020,67,109,2022-05-07
Zip Code,23222,Black,04/2020,8,128,2022-05-07
Zip Code,23222,Black,05/2020,25,145,2022-05-07
Zip Code,23222,Black,06/2020,21,150,2022-05-07
Zip Code,23222,Black,07/2020,61,157,2022-05-07
Zip Code,23222,Black,08/2020,37,156,2022-05-07
Zip Code,23222,Black,09/2020,45,123,2022-05-07
Zip Code,23222,Black,10/2020,39,91,2022-05-07
Zip Code,23222,Black,11/2020,29,135,2022-05-07
Zip Code,23222,Black,12/2020,11,48,2022-05-07
Zip Code,23222,Black,01/2021,14,173,2022-05-07
Zip Code,23222,Black,02/2021,8,110,2022-05-07
Zip Code,23222,Black,03/2021,24,109,2022-05-07
Zip Code,23222,Black,04/2021,14,128,2022-05-07
Zip Code,23222,Black,05/2021,16,145,2022-05-07
Zip Code,23222,Black,06/2021,8,150,2022-05-07
Zip Code,23222,Black,07/2021,31,157,2022-05-07
Zip Code,23222,Black,08/2021,24,156,2022-05-07
Zip Code,23222,Black,09/2021,9,123,2022-05-07
Zip Code,23222,Black,10/2021,10,91,2022-05-07
Zip Code,23222,Black,11/2021,11,135,2022-05-07
Zip Code,23222,Black,12/2021,11,48,2022-05-07
Zip Code,23222,Black,01/2022,11,173,2022-05-07
Zip Code,23222,Black,02/2022,16,110,2022-05-07
Zip Code,23222,Black,03/2022,11,109,2022-05-07
Zip Code,23222,Black,04/2022,22,128,2022-05-07
Zip Code,23222,Black,05/2022,2,11,2022-05-07
Zip Code,23223,Black,01/2020,114,150,2022-05-07
Zip Code,23223,Black,02/2020,125,143,2022-05-07
Zip Code,23223,Black,03/2020,68,120,2022-05-07
Zip Code,23223,Black,04/2020,39,133,2022-05-07
Zip Code,23223,Black,05/2020,36,141,2022-05-07
Zip Code,23223,Black,06/2020,8,208,2022-05-07
Zip Code,23223,Black,07/2020,40,169,2022-05-07
Zip Code,23223,Black,08/2020,84,175,2022-05-07
Zip Code,23223,Black,09/2020,100,168,2022-05-07
Zip Code,23223,Black,10/2020,88,196,2022-05-07
Zip Code,23223,Black,11/2020,35,168,2022-05-07
Zip Code,23223,Black,12/2020,9,68,2022-05-07
Zip Code,23223,Black,01/2021,16,150,2022-05-07
Zip Code,23223,Black,02/2021,35,137,2022-05-07
Zip Code,23223,Black,03/2021,42,120,2022-05-07
Zip Code,23223,Black,04/2021,19,133,2022-05-07
Zip Code,23223,Black,05/2021,28,141,2022-05-07
Zip Code,23223,Black,06/2021,27,208,2022-05-07
Zip Code,23223,Black,07/2021,31,169,2022-05-07
Zip Code,23223,Black,08/2021,16,175,2022-05-07
Zip Code,23223,Black,09/2021,23,168,2022-05-07
Zip Code,23223,Black,10/2021,27,196,2022-05-07
Zip Code,23223,Black,11/2021,22,168,2022-05-07
Zip Code,23223,Black,12/2021,22,68,2022-05-07
Zip Code,23223,Black,01/2022,52,150,2022-05-07
Zip Code,23223,Black,02/2022,20,137,2022-05-07
Zip Code,23223,Black,03/2022,24,120,2022-05-07
Zip Code,23223,Black,04/2022,32,133,2022-05-07
Zip Code,23223,Black,05/2022,7,30,2022-05-07
Zip Code,23224,Black,01/2020,307,341,2022-05-07
Zip Code,23224,Black,02/2020,283,223,2022-05-07
Zip Code,23224,Black,03/2020,179,216,2022-05-07
Zip Code,23224,Black,04/2020,15,283,2022-05-07
Zip Code,23224,Black,05/2020,75,317,2022-05-07
Zip Code,23224,Black,06/2020,53,298,2022-05-07
Zip Code,23224,Black,07/2020,90,318,2022-05-07
Zip Code,23224,Black,08/2020,147,312,2022-05-07
Zip Code,23224,Black,09/2020,262,370,2022-05-07
Zip Code,23224,Black,10/2020,203,305,2022-05-07
Zip Code,23224,Black,11/2020,60,352,2022-05-07
Zip Code,23224,Black,12/2020,27,134,2022-05-07
Zip Code,23224,Black,01/2021,30,341,2022-05-07
Zip Code,23224,Black,02/2021,21,223,2022-05-07
Zip Code,23224,Black,03/2021,87,216,2022-05-07
Zip Code,23224,Black,04/2021,51,283,2022-05-07
Zip Code,23224,Black,05/2021,66,317,2022-05-07
Zip Code,23224,Black,06/2021,74,298,2022-05-07
Zip Code,23224,Black,07/2021,86,318,2022-05-07
Zip Code,23224,Black,08/2021,129,312,2022-05-07
Zip Code,23224,Black,09/2021,88,370,2022-05-07
Zip Code,23224,Black,10/2021,74,305,2022-05-07
Zip Code,23224,Black,11/2021,45,352,2022-05-07
Zip Code,23224,Black,12/2021,55,134,2022-05-07
Zip Code,23224,Black,01/2022,47,341,2022-05-07
Zip Code,23224,Black,02/2022,73,223,2022-05-07
Zip Code,23224,Black,03/2022,125,216,2022-05-07
Zip Code,23224,Black,04/2022,111,283,2022-05-07
Zip Code,23224,Black,05/2022,55,15,2022-05-07
Zip Code,23225,Other,01/2020,260,349,2022-05-07
Zip Code,23225,Other,02/2020,349,300,2022-05-07
Zip Code,23225,Other,03/2020,204,263,2022-05-07
Zip Code,23225,Other,04/2020,59,293,2022-05-07
Zip Code,23225,Other,05/2020,19,315,2022-05-07
Zip Code,23225,Other,06/2020,8,355,2022-05-07
Zip Code,23225,Other,07/2020,46,374,2022-05-07
Zip Code,23225,Other,08/2020,145,307,2022-05-07
Zip Code,23225,Other,09/2020,282,335,2022-05-07
Zip Code,23225,Other,10/2020,422,385,2022-05-07
Zip Code,23225,Other,11/2020,72,359,2022-05-07
Zip Code,23225,Other,12/2020,13,151,2022-05-07
Zip Code,23225,Other,01/2021,90,349,2022-05-07
Zip Code,23225,Other,02/2021,46,294,2022-05-07
Zip Code,23225,Other,03/2021,115,263,2022-05-07
Zip Code,23225,Other,04/2021,82,293,2022-05-07
Zip Code,23225,Other,05/2021,117,315,2022-05-07
Zip Code,23225,Other,06/2021,39,355,2022-05-07
Zip Code,23225,Other,07/2021,113,374,2022-05-07
Zip Code,23225,Other,08/2021,214,307,2022-05-07
Zip Code,23225,Other,09/2021,117,335,2022-05-07
Zip Code,23225,Other,10/2021,161,385,2022-05-07
Zip Code,23225,Other,11/2021,112,359,2022-05-07
Zip Code,23225,Other,12/2021,63,151,2022-05-07
Zip Code,23225,Other,01/2022,49,349,2022-05-07
Zip Code,23225,Other,02/2022,138,294,2022-05-07
Zip Code,23225,Other,03/2022,147,263,2022-05-07
Zip Code,23225,Other,04/2022,191,293,2022-05-07
Zip Code,23225,Other,05/2022,56,4,2022-05-07
Zip Code,23226,White,01/2020,1,2,2022-05-07
Zip Code,23226,White,02/2020,1,0,2022-05-07
Zip Code,23226,White,03/2020,1,0,2022-05-07
Zip Code,23226,White,04/2020,0,0,2022-05-07
Zip Code,23226,White,05/2020,1,0,2022-05-07
Zip Code,23226,White,06/2020,0,1,2022-05-07
Zip Code,23226,White,07/2020,1,0,2022-05-07
Zip Code,23226,White,08/2020,0,3,2022-05-07
Zip Code,23226,White,09/2020,0,0,2022-05-07
Zip Code,23226,White,10/2020,0,2,2022-05-07
Zip Code,23226,White,11/2020,0,2,2022-05-07
Zip Code,23226,White,12/2020,0,2,2022-05-07
Zip Code,23226,White,01/2021,0,2,2022-05-07
Zip Code,23226,White,02/2021,0,0,2022-05-07
Zip Code,23226,White,03/2021,1,0,2022-05-07
Zip Code,23226,White,04/2021,0,0,2022-05-07
Zip Code,23226,White,05/2021,1,0,2022-05-07
Zip Code,23226,White,06/2021,0,1,2022-05-07
Zip Code,23226,White,07/2021,0,0,2022-05-07
Zip Code,23226,White,08/2021,0,3,2022-05-07
Zip Code,23226,White,09/2021,1,0,2022-05-07
Zip Code,23226,White,10/2021,1,2,2022-05-07
Zip Code,23226,White,11/2021,0,2,2022-05-07
Zip Code,23226,White,12/2021,0,2,2022-05-07
Zip Code,23226,White,01/2022,1,2,2022-05-07
Zip Code,23226,White,02/2022,0,0,2022-05-07
Zip Code,23226,White,03/2022,0,0,2022-05-07
Zip Code,23226,White,04/2022,3,0,2022-05-07
Zip Code,23226,White,05/2022,0,0,2022-05-07
Zip Code,23227,Black,01/2020,192,64,2022-05-07
Zip Code,23227,Black,02/2020,90,113,2022-05-07
Zip Code,23227,Black,03/2020,51,111,2022-05-07
Zip Code,23227,Black,04/2020,1,96,2022-05-07
Zip Code,23227,Black,05/2020,95,74,2022-05-07
Zip Code,23227,Black,06/2020,0,134,2022-05-07
Zip Code,23227,Black,07/2020,79,141,2022-05-07
Zip Code,23227,Black,08/2020,48,73,2022-05-07
Zip Code,23227,Black,09/2020,20,138,2022-05-07
Zip Code,23227,Black,10/2020,61,71,2022-05-07
Zip Code,23227,Black,11/2020,3,44,2022-05-07
Zip Code,23227,Black,12/2020,2,21,2022-05-07
Zip Code,23227,Black,01/2021,4,64,2022-05-07
Zip Code,23227,Black,02/2021,1,113,2022-05-07
Zip Code,23227,Black,03/2021,1,111,2022-05-07
Zip Code,23227,Black,04/2021,20,96,2022-05-07
Zip Code,23227,Black,05/2021,4,74,2022-05-07
Zip Code,23227,Black,06/2021,3,134,2022-05-07
Zip Code,23227,Black,07/2021,4,141,2022-05-07
Zip Code,23227,Black,08/2021,1,73,2022-05-07
Zip Code,23227,Black,09/2021,1,138,2022-05-07
Zip Code,23227,Black,10/2021,9,71,2022-05-07
Zip Code,23227,Black,11/2021,5,44,2022-05-07
Zip Code,23227,Black,12/2021,3,21,2022-05-07
Zip Code,23227,Black,01/2022,4,64,2022-05-07
Zip Code,23227,Black,02/2022,4,113,2022-05-07
Zip Code,23227,Black,03/2022,3,111,2022-05-07
Zip Code,23227,Black,04/2022,31,96,2022-05-07
Zip Code,23227,Black,05/2022,1,1,2022-05-07
Zip Code,23228,Other,01/2020,1,0,2022-05-07
Zip Code,23228,Other,02/2020,0,0,2022-05-07
Zip Code,23228,Other,03/2020,0,0,2022-05-07
Zip Code,23228,Other,04/2020,0,0,2022-05-07
Zip Code,23228,Other,05/2020,1,0,2022-05-07
Zip Code,23228,Other,06/2020,1,0,2022-05-07
Zip Code,23228,Other,07/2020,0,0,2022-05-07
Zip Code,23228,Other,08/2020,0,0,2022-05-07
Zip Code,23228,Other,09/2020,0,0,2022-05-07
Zip Code,23228,Other,10/2020,1,0,2022-05-07
Zip Code,23228,Other,11/2020,0,0,2022-05-07
Zip Code,23228,Other,12/2020,0,0,2022-05-07
Zip Code,23228,Other,01/2021,0,0,2022-05-07
Zip Code,23228,Other,02/2021,0,0,2022-05-07
Zip Code,23228,Other,03/2021,0,0,2022-05-07
Zip Code,23228,Other,04/2021,0,0,2022-05-07
Zip Code,23228,Other,05/2021,1,0,2022-05-07
Zip Code,23228,Other,06/2021,0,0,2022-05-07
Zip Code,23228,Other,07/2021,0,0,2022-05-07
Zip Code,23228,Other,08/2021,0,0,2022-05-07
Zip Code,23228,Other,09/2021,0,0,2022-05-07
Zip Code,23228,Other,10/2021,0,0,2022-05-07
Zip Code,23228,Other,11/2021,0,0,2022-05-07
Zip Code,23228,Other,12/2021,0,0,2022-05-07
Zip Code,23228,Other,01/2022,0,0,2022-05-07
Zip Code,23228,Other,02/2022,0,0,2022-05-07
Zip Code,23228,Other,03/2022,0,0,2022-05-07
Zip Code,23228,Other,04/2022,0,0,2022-05-07
Zip Code,23228,Other,05/2022,0,0,2022-05-07
Zip Code,23229,White,01/2020,3,0,2022-05-07
Zip Code,23229,White,02/2020,0,0,2022-05-07
Zip Code,23229,White,03/2020,0,0,2022-05-07
Zip Code,23229,White,04/2020,0,0,2022-05-07
Zip Code,23229,White,05/2020,0,0,2022-05-07
Zip Code,23229,White,06/2020,1,0,2022-05-07
Zip Code,23229,White,07/2020,0,0,2022-05-07
Zip Code,23229,White,08/2020,0,0,2022-05-07
Zip Code,23229,White,09/2020,0,0,2022-05-07
Zip Code,23229,White,10/2020,0,0,2022-05-07
Zip Code,23229,White,11/2020,0,0,2022-05-07
Zip Code,23229,White,12/2020,0,0,2022-05-07
Zip Code,23229,White,01/2021,0,0,2022-05-07
Zip Code,23229,White,02/2021,0,0,2022-05-07
Zip Code,23229,White,03/2021,0,0,2022-05-07
Zip Code,23229,White,04/2021,0,0,2022-05-07
Zip Code,23229,White,05/2021,0,0,2022-05-07
Zip Code,23229,White,06/2021,0,0,2022-05-07
Zip Code,23229,White,07/2021,1,0,2022-05-07
Zip Code,23229,White,08/2021,0,0,2022-05-07
Zip Code,23229,White,09/2021,0,0,2022-05-07
Zip Code,23229,White,10/2021,0,0,2022-05-07
Zip Code,23229,White,11/2021,0,0,2022-05-07
Zip Code,23229,White,12/2021,0,0,2022-05-07
Zip Code,23229,White,01/2022,0,0,2022-05-07
Zip Code,23229,White,02/2022,0,0,2022-05-07
Zip Code,23229,White,03/2022,0,0,2022-05-07
Zip Code,23229,White,04/2022,0,0,2022-05-07
Zip Code,23229,White,05/2022,1,0,2022-05-07
Zip Code,23230,White,01/2020,4,4,2022-05-07
Zip Code,23230,White,02/2020,3,4,2022-05-07
Zip Code,23230,White,03/2020,4,5,2022-05-07
Zip Code,23230,White,04/2020,4,2,2022-05-07
Zip Code,23230,White,05/2020,2,6,2022-05-07
Zip Code,23230,White,06/2020,1,6,2022-05-07
Zip Code,23230,White,07/2020,4,5,2022-05-07
Zip Code,23230,White,08/2020,2,4,2022-05-07
Zip Code,23230,White,09/2020,1,6,2022-05-07
Zip Code,23230,White,10/2020,4,4,2022-05-07
Zip Code,23230,White,11/2020,2,2,2022-05-07
Zip Code,23230,White,12/2020,0,0,2022-05-07
Zip Code,23230,White,01/2021,1,4,2022-05-07
Zip Code,23230,White,02/2021,0,3,2022-05-07
Zip Code,23230,White,03/2021,3,5,2022-05-07
Zip Code,23230,White,04/2021,4,2,2022-05-07
Zip Code,23230,White,05/2021,5,6,2022-05-07
Zip Code,23230,White,06/2021,1,6,2022-05-07
Zip Code,23230,White,07/2021,1,5,2022-05-07
Zip Code,23230,White,08/2021,0,4,2022-05-07
Zip Code,23230,White,09/2021,1,6,2022-05-07
Zip Code,23230,White,10/2021,0,4,2022-05-07
Zip Code,23230,White,11/2021,0,2,2022-05-07
Zip Code,23230,White,12/2021,0,0,2022-05-07
Zip Code,23230,White,01/2022,2,4,2022-05-07
Zip Code,23230,White,02/2022,3,3,2022-05-07
Zip Code,23230,White,03/2022,2,5,2022-05-07
Zip Code,23230,White,04/2022,2,2,2022-05-07
Zip Code,23230,White,05/2022,0,0,2022-05-07
Zip Code,23231,Black,01/2020,25,51,2022-05-07
Zip Code,23231,Black,02/2020,18,43,2022-05-07
Zip Code,23231,Black,03/2020,5,25,2022-05-07
Zip Code,23231,Black,04/2020,2,47,2022-05-07
Zip Code,23231,Black,05/2020,2,49,2022-05-07
Zip Code,23231,Black,06/2020,0,55,2022-05-07
Zip Code,23231,Black,07/2020,7,40,2022-05-07
Zip Code,23231,Black,08/2020,3,41,2022-05-07
Zip Code,23231,Black,09/2020,26,34,2022-05-07
Zip Code,23231,Black,10/2020,13,31,2022-05-07
Zip Code,23231,Black,11/2020,10,24,2022-05-07
Zip Code,23231,Black,12/2020,0,7,2022-05-07
Zip Code,23231,Black,01/2021,2,51,2022-05-07
Zip Code,23231,Black,02/2021,2,43,2022-05-07
Zip Code,23231,Black,03/2021,14,25,2022-05-07
Zip Code,23231,Black,04/2021,1,47,2022-05-07
Zip Code,23231,Black,05/2021,13,49,2022-05-07
Zip Code,23231,Black,06/2021,13,55,2022-05-07
Zip Code,23231,Black,07/2021,10,40,2022-05-07
Zip Code,23231,Black,08/2021,4,41,2022-05-07
Zip Code,23231,Black,09/2021,1,34,2022-05-07
Zip Code,23231,Black,10/2021,2,31,2022-05-07
Zip Code,23231,Black,11/2021,3,24,2022-05-07
Zip Code,23231,Black,12/2021,4,7,2022-05-07
Zip Code,23231,Black,01/2022,7,51,2022-05-07
Zip Code,23231,Black,02/2022,22,43,2022-05-07
Zip Code,23231,Black,03/2022,9,25,2022-05-07
Zip Code,23231,Black,04/2022,12,47,2022-05-07
Zip Code,23231,Black,05/2022,0,0,2022-05-07
Zip Code,23232,Other,01/2020,0,0,2022-05-07
Zip Code,23232,Other,02/2020,0,0,2022-05-07
Zip Code,23232,Other,03/2020,0,0,2022-05-07
Zip Code,23232,Other,04/2020,0,0,2022-05-07
Zip Code,23232,Other,05/2020,0,0,2022-05-07
Zip Code,23232,Other,06/2020,0,0,2022-05-07
Zip Code,23232,Other,07/2020,0,0,2022-05-07
Zip Code,23232,Other,08/2020,0,0,2022-05-07
Zip Code,23232,Other,09/2020,1,0,2022-05-07
Zip Code,23232,Other,10/2020,0,0,2022-05-07
Zip Code,23232,Other,11/2020,0,0,2022-05-07
Zip Code,23232,Other,12/2020,0,0,2022-05-07
Zip Code,23232,Other,01/2021,0,0,2022-05-07
Zip Code,23232,Other,02/2021,0,0,2022-05-07
Zip Code,23232,Other,03/2021,0,0,2022-05-07
Zip Code,23232,Other,04/2021,0,0,2022-05-07
Zip Code,23232,Other,05/2021,0,0,2022-05-07
Zip Code,23232,Other,06/2021,0,0,2022-05-07
Zip Code,23232,Other,07/2021,0,0,2022-05-07
Zip Code,23232,Other,08/2021,0,0,2022-05-07
Zip Code,23232,Other,09/2021,0,0,2022-05-07
Zip Code,23232,Other,10/2021,0,0,2022-05-07
Zip Code,23232,Other,11/2021,0,0,2022-05-07
Zip Code,23232,Other,12/2021,0,0,2022-05-07
Zip Code,23232,Other,01/2022,0,0,2022-05-07
Zip Code,23232,Other,02/2022,0,0,2022-05-07
Zip Code,23232,Other,03/2022,0,0,2022-05-07
Zip Code,23232,Other,04/2022,0,0,2022-05-07
Zip Code,23232,Other,05/2022,0,0,2022-05-07
Zip Code,23234,Other,01/2020,176,226,2022-05-07
Zip Code,23234,Other,02/2020,163,194,2022-05-07
Zip Code,23234,Other,03/2020,70,119,2022-05-07
Zip Code,23234,Other,04/2020,6,172,2022-05-07
Zip Code,23234,Other,05/2020,23,208,2022-05-07
Zip Code,23234,Other,06/2020,22,216,2022-05-07
Zip Code,23234,Other,07/2020,42,183,2022-05-07
Zip Code,23234,Other,08/2020,32,190,2022-05-07
Zip Code,23234,Other,09/2020,182,232,2022-05-07
Zip Code,23234,Other,10/2020,71,173,2022-05-07
Zip Code,23234,Other,11/2020,46,135,2022-05-07
Zip Code,23234,Other,12/2020,11,165,2022-05-07
Zip Code,23234,Other,01/2021,25,226,2022-05-07
Zip Code,23234,Other,02/2021,37,189,2022-05-07
Zip Code,23234,Other,03/2021,31,119,2022-05-07
Zip Code,23234,Other,04/2021,30,172,2022-05-07
Zip Code,23234,Other,05/2021,40,208,2022-05-07
Zip Code,23234,Other,06/2021,46,216,2022-05-07
Zip Code,23234,Other,07/2021,37,183,2022-05-07
Zip Code,23234,Other,08/2021,80,190,2022-05-07
Zip Code,23234,Other,09/2021,27,232,2022-05-07
Zip Code,23234,Other,10/2021,26,173,2022-05-07
Zip Code,23234,Other,11/2021,55,135,2022-05-07
Zip Code,23234,Other,12/2021,16,165,2022-05-07
Zip Code,23234,Other,01/2022,139,226,2022-05-07
Zip Code,23234,Other,02/2022,187,189,2022-05-07
Zip Code,23234,Other,03/2022,203,119,2022-05-07
Zip Code,23234,Other,04/2022,79,172,2022-05-07
Zip Code,23234,Other,05/2022,44,11,2022-05-07
Zip Code,23235,White,01/2020,12,34,2022-05-07
Zip Code,23235,White,02/2020,40,26,2022-05-07
Zip Code,23235,White,03/2020,10,22,2022-05-07
Zip Code,23235,White,04/2020,1,49,2022-05-07
Zip Code,23235,White,05/2020,2,28,2022-05-07
Zip Code,23235,White,06/2020,9,34,2022-05-07
Zip Code,23235,White,07/2020,7,30,2022-05-07
Zip Code,23235,White,08/2020,8,38,2022-05-07
Zip Code,23235,White,09/2020,19,35,2022-05-07
Zip Code,23235,White,10/2020,11,27,2022-05-07
Zip Code,23235,White,11/2020,7,26,2022-05-07
Zip Code,23235,White,12/2020,9,39,2022-05-07
Zip Code,23235,White,01/2021,3,34,2022-05-07
Zip Code,23235,White,02/2021,2,25,2022-05-07
Zip Code,23235,White,03/2021,9,22,2022-05-07
Zip Code,23235,White,04/2021,6,49,2022-05-07
Zip Code,23235,White,05/2021,2,28,2022-05-07
Zip Code,23235,White,06/2021,7,34,2022-05-07
Zip Code,23235,White,07/2021,7,30,2022-05-07
Zip Code,23235,White,08/2021,11,38,2022-05-07
Zip Code,23235,White,09/2021,5,35,2022-05-07
Zip Code,23235,White,10/2021,6,27,2022-05-07
Zip Code,23235,White,11/2021,10,26,2022-05-07
Zip Code,23235,White,12/2021,7,39,2022-05-07
Zip Code,23235,White,01/2022,12,34,2022-05-07
Zip Code,23235,White,02/2022,6,25,2022-05-07
Zip Code,23235,White,03/2022,19,22,2022-05-07
Zip Code,23235,White,04/2022,23,49,2022-05-07
Zip Code,23235,White,05/2022,5,6,2022-05-07
Zip Code,23236,White,01/2020,12,15,2022-05-07
Zip Code,23236,White,02/2020,12,19,2022-05-07
Zip Code,23236,White,03/2020,21,16,2022-05-07
Zip Code,23236,White,04/2020,0,8,2022-05-07
Zip Code,23236,White,05/2020,1,21,2022-05-07
Zip Code,23236,White,06/2020,0,26,2022-05-07
Zip Code,23236,White,07/2020,1,8,2022-05-07
Zip Code,23236,White,08/2020,2,12,2022-05-07
Zip Code,23236,White,09/2020,1,14,2022-05-07
Zip Code,23236,White,10/2020,17,4,2022-05-07
Zip Code,23236,White,11/2020,3,46,2022-05-07
Zip Code,23236,White,12/2020,1,18,2022-05-07
Zip Code,23236,White,01/2021,0,15,2022-05-07
Zip Code,23236,White,02/2021,2,19,2022-05-07
Zip Code,23236,White,03/2021,3,16,2022-05-07
Zip Code,23236,White,04/2021,2,8,2022-05-07
Zip Code,23236,White,05/2021,6,21,2022-05-07
Zip Code,23236,White,06/2021,2,26,2022-05-07
Zip Code,23236,White,07/2021,11,8,2022-05-07
Zip Code,23236,White,08/2021,13,12,2022-05-07
Zip Code,23236,White,09/2021,2,14,2022-05-07
Zip Code,23236,White,10/2021,4,4,2022-05-07
Zip Code,23236,White,11/2021,4,46,2022-05-07
Zip Code,23236,White,12/2021,9,18,2022-05-07
Zip Code,23236,White,01/2022,6,15,2022-05-07
Zip Code,23236,White,02/2022,8,19,2022-05-07
Zip Code,23236,White,03/2022,10,16,2022-05-07
Zip Code,23236,White,04/2022,8,8,2022-05-07
Zip Code,23236,White,05/2022,2,3,2022-05-07
Zip Code,23237,White,01/2020,41,51,2022-05-07
Zip Code,23237,White,02/2020,36,33,2022-05-07
Zip Code,23237,White,03/2020,13,25,2022-05-07
Zip Code,23237,White,04/2020,0,31,2022-05-07
Zip Code,23237,White,05/2020,2,44,2022-05-07
Zip Code,23237,White,06/2020,4,22,2022-05-07
Zip Code,23237,White,07/2020,15,51,2022-05-07
Zip Code,23237,White,08/2020,11,27,2022-05-07
Zip Code,23237,White,09/2020,41,35,2022-05-07
Zip Code,23237,White,10/2020,8,27,2022-05-07
Zip Code,23237,White,11/2020,5,27,2022-05-07
Zip Code,23237,White,12/2020,4,28,2022-05-07
Zip Code,23237,White,01/2021,9,51,2022-05-07
Zip Code,23237,White,02/2021,3,33,2022-05-07
Zip Code,23237,White,03/2021,9,25,2022-05-07
Zip Code,23237,White,04/2021,6,31,2022-05-07
Zip Code,23237,White,05/2021,11,44,2022-05-07
Zip Code,23237,White,06/2021,7,22,2022-05-07
Zip Code,23237,White,07/2021,12,51,2022-05-07
Zip Code,23237,White,08/2021,15,27,2022-05-07
Zip Code,23237,White,09/2021,12,35,2022-05-07
Zip Code,23237,White,10/2021,3,27,2022-05-07
Zip Code,23237,White,11/2021,13,27,2022-05-07
Zip Code,23237,White,12/2021,2,28,2022-05-07
Zip Code,23237,White,01/2022,15,51,2022-05-07
Zip Code,23237,White,02/2022,31,33,2022-05-07
Zip Code,23237,White,03/2022,28,25,2022-05-07
Zip Code,23237,White,04/2022,18,31,2022-05-07
Zip Code,23237,White,05/2022,4,9,2022-05-07
Zip Code,23241,Other,01/2020,0,0,2022-05-07
Zip Code,23241,Other,02/2020,0,0,2022-05-07
Zip Code,23241,Other,03/2020,0,0,2022-05-07
Zip Code,23241,Other,04/2020,0,0,2022-05-07
Zip Code,23241,Other,05/2020,0,0,2022-05-07
Zip Code,23241,Other,06/2020,0,0,2022-05-07
Zip Code,23241,Other,07/2020,0,0,2022-05-07
Zip Code,23241,Other,08/2020,0,0,2022-05-07
Zip Code,23241,Other,09/2020,0,0,2022-05-07
Zip Code,23241,Other,10/2020,0,0,2022-05-07
Zip Code,23241,Other,11/2020,0,0,2022-05-07
Zip Code,23241,Other,12/2020,0,0,2022-05-07
Zip Code,23241,Other,01/2021,0,0,2022-05-07
Zip Code,23241,Other,02/2021,0,0,2022-05-07
Zip Code,23241,Other,03/2021,0,0,2022-05-07
Zip Code,23241,Other,04/2021,0,0,2022-05-07
Zip Code,23241,Other,05/2021,0,0,2022-05-07
Zip Code,23241,Other,06/2021,0,0,2022-05-07
Zip Code,23241,Other,07/2021,0,0,2022-05-07
Zip Code,23241,Other,08/2021,0,0,2022-05-07
Zip Code,23241,Other,09/2021,0,0,2022-05-07
Zip Code,23241,Other,10/2021,0,0,2022-05-07
Zip Code,23241,Other,11/2021,0,0,2022-05-07
Zip Code,23241,Other,12/2021,0,0,2022-05-07
Zip Code,23241,Other,01/2022,0,0,2022-05-07
Zip Code,23241,Other,02/2022,0,0,2022-05-07
Zip Code,23241,Other,03/2022,0,0,2022-05-07
Zip Code,23241,Other,04/2022,0,0,2022-05-07
Zip Code,23241,Other,05/2022,0,0,2022-05-07
Zip Code,23249,Other,01/2020,0,0,2022-05-07
Zip Code,23249,Other,02/2020,0,0,2022-05-07
Zip Code,23249,Other,03/2020,0,0,2022-05-07
Zip Code,23249,Other,04/2020,0,0,2022-05-07
Zip Code,23249,Other,05/2020,0,0,2022-05-07
Zip Code,23249,Other,06/2020,0,0,2022-05-07
Zip Code,23249,Other,07/2020,0,0,2022-05-07
Zip Code,23249,Other,08/2020,0,0,2022-05-07
Zip Code,23249,Other,09/2020,0,0,2022-05-07
Zip Code,23249,Other,10/2020,0,0,2022-05-07
Zip Code,23249,Other,11/2020,0,0,2022-05-07
Zip Code,23249,Other,12/2020,0,0,2022-05-07
Zip Code,23249,Other,01/2021,0,0,2022-05-07
Zip Code,23249,Other,02/2021,0,0,2022-05-07
Zip Code,23249,Other,03/2021,0,0,2022-05-07
Zip Code,23249,Other,04/2021,0,0,2022-05-07
Zip Code,23249,Other,05/2021,0,0,2022-05-07
Zip Code,23249,Other,06/2021,0,0,2022-05-07
Zip Code,23249,Other,07/2021,0,0,2022-05-07
Zip Code,23249,Other,08/2021,0,0,2022-05-07
Zip Code,23249,Other,09/2021,0,0,2022-05-07
Zip Code,23249,Other,10/2021,0,0,2022-05-07
Zip Code,23249,Other,11/2021,0,0,2022-05-07
Zip Code,23249,Other,12/2021,0,0,2022-05-07
Zip Code,23249,Other,01/2022,0,0,2022-05-07
Zip Code,23249,Other,02/2022,0,0,2022-05-07
Zip Code,23249,Other,03/2022,0,0,2022-05-07
Zip Code,23249,Other,04/2022,0,0,2022-05-07
Zip Code,23249,Other,05/2022,0,0,2022-05-07
Zip Code,23260,Other,01/2020,0,0,2022-05-07
Zip Code,23260,Other,02/2020,0,0,2022-05-07
Zip Code,23260,Other,03/2020,0,0,2022-05-07
Zip Code,23260,Other,04/2020,0,0,2022-05-07
Zip Code,23260,Other,05/2020,0,0,2022-05-07
Zip Code,23260,Other,06/2020,0,0,2022-05-07
Zip Code,23260,Other,07/2020,0,0,2022-05-07
Zip Code,23260,Other,08/2020,0,0,2022-05-07
Zip Code,23260,Other,09/2020,0,0,2022-05-07
Zip Code,23260,Other,10/2020,0,0,2022-05-07
Zip Code,23260,Other,11/2020,0,0,2022-05-07
Zip Code,23260,Other,12/2020,0,0,2022-05-07
Zip Code,23260,Other,01/2021,0,0,2022-05-07
Zip Code,23260,Other,02/2021,0,0,2022-05-07
Zip Code,23260,Other,03/2021,0,0,2022-05-07
Zip Code,23260,Other,04/2021,0,0,2022-05-07
Zip Code,23260,Other,05/2021,0,0,2022-05-07
Zip Code,23260,Other,06/2021,0,0,2022-05-07
Zip Code,23260,Other,07/2021,0,0,2022-05-07
Zip Code,23260,Other,08/2021,0,0,2022-05-07
Zip Code,23260,Other,09/2021,0,0,2022-05-07
Zip Code,23260,Other,10/2021,0,0,2022-05-07
Zip Code,23260,Other,11/2021,0,0,2022-05-07
Zip Code,23260,Other,12/2021,0,0,2022-05-07
Zip Code,23260,Other,01/2022,0,0,2022-05-07
Zip Code,23260,Other,02/2022,0,0,2022-05-07
Zip Code,23260,Other,03/2022,0,0,2022-05-07
Zip Code,23260,Other,04/2022,0,0,2022-05-07
Zip Code,23260,Other,05/2022,0,0,2022-05-07
Zip Code,23261,Other,01/2020,0,0,2022-05-07
Zip Code,23261,Other,02/2020,0,0,2022-05-07
Zip Code,23261,Other,03/2020,0,0,2022-05-07
Zip Code,23261,Other,04/2020,0,0,2022-05-07
Zip Code,23261,Other,05/2020,0,0,2022-05-07
Zip Code,23261,Other,06/2020,0,0,2022-05-07
Zip Code,23261,Other,07/2020,0,0,2022-05-07
Zip Code,23261,Other,08/2020,0,0,2022-05-07
Zip Code,23261,Other,09/2020,0,0,2022-05-07
Zip Code,23261,Other,10/2020,0,0,2022-05-07
Zip Code,23261,Other,11/2020,0,0,2022-05-07
Zip Code,23261,Other,12/2020,0,0,2022-05-07
Zip Code,23261,Other,01/2021,0,0,2022-05-07
Zip Code,23261,Other,02/2021,0,0,2022-05-07
Zip Code,23261,Other,03/2021,0,0,2022-05-07
Zip Code,23261,Other,04/2021,0,0,2022-05-07
Zip Code,23261,Other,05/2021,0,0,2022-05-07
Zip Code,23261,Other,06/2021,0,0,2022-05-07
Zip Code,23261,Other,07/2021,0,0,2022-05-07
Zip Code,23261,Other,08/2021,0,0,2022-05-07
Zip Code,23261,Other,09/2021,0,0,2022-05-07
Zip Code,23261,Other,10/2021,0,0,2022-05-07
Zip Code,23261,Other,11/2021,0,0,2022-05-07
Zip Code,23261,Other,12/2021,0,0,2022-05-07
Zip Code,23261,Other,01/2022,0,0,2022-05-07
Zip Code,23261,Other,02/2022,0,0,2022-05-07
Zip Code,23261,Other,03/2022,0,0,2022-05-07
Zip Code,23261,Other,04/2022,0,0,2022-05-07
Zip Code,23261,Other,05/2022,0,0,2022-05-07
Zip Code,23269,Other,01/2020,0,0,2022-05-07
Zip Code,23269,Other,02/2020,0,0,2022-05-07
Zip Code,23269,Other,03/2020,0,0,2022-05-07
Zip Code,23269,Other,04/2020,0,0,2022-05-07
Zip Code,23269,Other,05/2020,0,0,2022-05-07
Zip Code,23269,Other,06/2020,0,0,2022-05-07
Zip Code,23269,Other,07/2020,0,0,2022-05-07
Zip Code,23269,Other,08/2020,0,0,2022-05-07
Zip Code,23269,Other,09/2020,0,0,2022-05-07
Zip Code,23269,Other,10/2020,0,0,2022-05-07
Zip Code,23269,Other,11/2020,0,0,2022-05-07
Zip Code,23269,Other,12/2020,0,0,2022-05-07
Zip Code,23269,Other,01/2021,0,0,2022-05-07
Zip Code,23269,Other,02/2021,0,0,2022-05-07
Zip Code,23269,Other,03/2021,0,0,2022-05-07
Zip Code,23269,Other,04/2021,0,0,2022-05-07
Zip Code,23269,Other,05/2021,0,0,2022-05-07
Zip Code,23269,Other,06/2021,0,0,2022-05-07
Zip Code,23269,Other,07/2021,0,0,2022-05-07
Zip Code,23269,Other,08/2021,0,0,2022-05-07
Zip Code,23269,Other,09/2021,0,0,2022-05-07
Zip Code,23269,Other,10/2021,0,0,2022-05-07
Zip Code,23269,Other,11/2021,0,0,2022-05-07
Zip Code,23269,Other,12/2021,0,0,2022-05-07
Zip Code,23269,Other,01/2022,0,0,2022-05-07
Zip Code,23269,Other,02/2022,0,0,2022-05-07
Zip Code,23269,Other,03/2022,0,0,2022-05-07
Zip Code,23269,Other,04/2022,0,0,2022-05-07
Zip Code,23269,Other,05/2022,0,0,2022-05-07
Zip Code,23284,Other,01/2020,0,0,2022-05-07
Zip Code,23284,Other,02/2020,0,0,2022-05-07
Zip Code,23284,Other,03/2020,0,0,2022-05-07
Zip Code,23284,Other,04/2020,0,0,2022-05-07
Zip Code,23284,Other,05/2020,0,0,2022-05-07
Zip Code,23284,Other,06/2020,0,0,2022-05-07
Zip Code,23284,Other,07/2020,0,0,2022-05-07
Zip Code,23284,Other,08/2020,0,0,2022-05-07
Zip Code,23284,Other,09/2020,0,0,2022-05-07
Zip Code,23284,Other,10/2020,0,0,2022-05-07
Zip Code,23284,Other,11/2020,0,0,2022-05-07
Zip Code,23284,Other,12/2020,0,0,2022-05-07
Zip Code,23284,Other,01/2021,0,0,2022-05-07
Zip Code,23284,Other,02/2021,0,0,2022-05-07
Zip Code,23284,Other,03/2021,0,0,2022-05-07
Zip Code,23284,Other,04/2021,0,0,2022-05-07
Zip Code,23284,Other,05/2021,0,0,2022-05-07
Zip Code,23284,Other,06/2021,0,0,2022-05-07
Zip Code,23284,Other,07/2021,0,0,2022-05-07
Zip Code,23284,Other,08/2021,0,0,2022-05-07
Zip Code,23284,Other,09/2021,0,0,2022-05-07
Zip Code,23284,Other,10/2021,0,0,2022-05-07
Zip Code,23284,Other,11/2021,0,0,2022-05-07
Zip Code,23284,Other,12/2021,0,0,2022-05-07
Zip Code,23284,Other,01/2022,0,0,2022-05-07
Zip Code,23284,Other,02/2022,0,0,2022-05-07
Zip Code,23284,Other,03/2022,0,0,2022-05-07
Zip Code,23284,Other,04/2022,0,0,2022-05-07
Zip Code,23284,Other,05/2022,0,0,2022-05-07
Zip Code,23286,Other,01/2020,0,0,2022-05-07
Zip Code,23286,Other,02/2020,0,0,2022-05-07
Zip Code,23286,Other,03/2020,0,0,2022-05-07
Zip Code,23286,Other,04/2020,0,0,2022-05-07
Zip Code,23286,Other,05/2020,0,0,2022-05-07
Zip Code,23286,Other,06/2020,0,0,2022-05-07
Zip Code,23286,Other,07/2020,0,0,2022-05-07
Zip Code,23286,Other,08/2020,0,0,2022-05-07
Zip Code,23286,Other,09/2020,0,0,2022-05-07
Zip Code,23286,Other,10/2020,0,0,2022-05-07
Zip Code,23286,Other,11/2020,0,0,2022-05-07
Zip Code,23286,Other,12/2020,0,0,2022-05-07
Zip Code,23286,Other,01/2021,0,0,2022-05-07
Zip Code,23286,Other,02/2021,0,0,2022-05-07
Zip Code,23286,Other,03/2021,0,0,2022-05-07
Zip Code,23286,Other,04/2021,0,0,2022-05-07
Zip Code,23286,Other,05/2021,0,0,2022-05-07
Zip Code,23286,Other,06/2021,0,0,2022-05-07
Zip Code,23286,Other,07/2021,0,0,2022-05-07
Zip Code,23286,Other,08/2021,0,0,2022-05-07
Zip Code,23286,Other,09/2021,0,0,2022-05-07
Zip Code,23286,Other,10/2021,0,0,2022-05-07
Zip Code,23286,Other,11/2021,0,0,2022-05-07
Zip Code,23286,Other,12/2021,0,0,2022-05-07
Zip Code,23286,Other,01/2022,0,0,2022-05-07
Zip Code,23286,Other,02/2022,0,0,2022-05-07
Zip Code,23286,Other,03/2022,0,0,2022-05-07
Zip Code,23286,Other,04/2022,0,0,2022-05-07
Zip Code,23286,Other,05/2022,0,0,2022-05-07
Zip Code,23293,Other,01/2020,0,0,2022-05-07
Zip Code,23293,Other,02/2020,0,0,2022-05-07
Zip Code,23293,Other,03/2020,0,0,2022-05-07
Zip Code,23293,Other,04/2020,0,0,2022-05-07
Zip Code,23293,Other,05/2020,0,0,2022-05-07
Zip Code,23293,Other,06/2020,0,0,2022-05-07
Zip Code,23293,Other,07/2020,0,0,2022-05-07
Zip Code,23293,Other,08/2020,0,0,2022-05-07
Zip Code,23293,Other,09/2020,0,0,2022-05-07
Zip Code,23293,Other,10/2020,0,0,2022-05-07
Zip Code,23293,Other,11/2020,0,0,2022-05-07
Zip Code,23293,Other,12/2020,0,0,2022-05-07
Zip Code,23293,Other,01/2021,0,0,2022-05-07
Zip Code,23293,Other,02/2021,0,0,2022-05-07
Zip Code,23293,Other,03/2021,0,0,2022-05-07
Zip Code,23293,Other,04/2021,0,0,2022-05-07
Zip Code,23293,Other,05/2021,0,0,2022-05-07
Zip Code,23293,Other,06/2021,0,0,2022-05-07
Zip Code,23293,Other,07/2021,0,0,2022-05-07
Zip Code,23293,Other,08/2021,0,0,2022-05-07
Zip Code,23293,Other,09/2021,0,0,2022-05-07
Zip Code,23293,Other,10/2021,0,0,2022-05-07
Zip Code,23293,Other,11/2021,0,0,2022-05-07
Zip Code,23293,Other,12/2021,0,0,2022-05-07
Zip Code,23293,Other,01/2022,0,0,2022-05-07
Zip Code,23293,Other,02/2022,0,0,2022-05-07
Zip Code,23293,Other,03/2022,0,0,2022-05-07
Zip Code,23293,Other,04/2022,0,0,2022-05-07
Zip Code,23293,Other,05/2022,0,0,2022-05-07
Zip Code,23297,Other,01/2020,0,0,2022-05-07
Zip Code,23297,Other,02/2020,0,0,2022-05-07
Zip Code,23297,Other,03/2020,0,0,2022-05-07
Zip Code,23297,Other,04/2020,0,0,2022-05-07
Zip Code,23297,Other,05/2020,0,0,2022-05-07
Zip Code,23297,Other,06/2020,0,0,2022-05-07
Zip Code,23297,Other,07/2020,0,0,2022-05-07
Zip Code,23297,Other,08/2020,0,0,2022-05-07
Zip Code,23297,Other,09/2020,0,0,2022-05-07
Zip Code,23297,Other,10/2020,0,0,2022-05-07
Zip Code,23297,Other,11/2020,0,0,2022-05-07
Zip Code,23297,Other,12/2020,0,0,2022-05-07
Zip Code,23297,Other,01/2021,0,0,2022-05-07
Zip Code,23297,Other,02/2021,0,0,2022-05-07
Zip Code,23297,Other,03/2021,0,0,2022-05-07
Zip Code,23297,Other,04/2021,0,0,2022-05-07
Zip Code,23297,Other,05/2021,0,0,2022-05-07
Zip Code,23297,Other,06/2021,0,0,2022-05-07
Zip Code,23297,Other,07/2021,0,0,2022-05-07
Zip Code,23297,Other,08/2021,0,0,2022-05-07
Zip Code,23297,Other,09/2021,0,0,2022-05-07
Zip Code,23297,Other,10/2021,0,0,2022-05-07
Zip Code,23297,Other,11/2021,0,0,2022-05-07
Zip Code,23297,Other,12/2021,0,0,2022-05-07
Zip Code,23297,Other,01/2022,0,0,2022-05-07
Zip Code,23297,Other,02/2022,0,0,2022-05-07
Zip Code,23297,Other,03/2022,0,0,2022-05-07
Zip Code,23297,Other,04/2022,0,0,2022-05-07
Zip Code,23297,Other,05/2022,0,0,2022-05-07
Zip Code,23298,Other,01/2020,0,0,2022-05-07
Zip Code,23298,Other,02/2020,0,0,2022-05-07
Zip Code,23298,Other,03/2020,0,0,2022-05-07
Zip Code,23298,Other,04/2020,0,0,2022-05-07
Zip Code,23298,Other,05/2020,0,0,2022-05-07
Zip Code,23298,Other,06/2020,0,0,2022-05-07
Zip Code,23298,Other,07/2020,0,0,2022-05-07
Zip Code,23298,Other,08/2020,0,0,2022-05-07
Zip Code,23298,Other,09/2020,0,0,2022-05-07
Zip Code,23298,Other,10/2020,0,0,2022-05-07
Zip Code,23298,Other,11/2020,0,0,2022-05-07
Zip Code,23298,Other,12/2020,0,0,2022-05-07
Zip Code,23298,Other,01/2021,0,0,2022-05-07
Zip Code,23298,Other,02/2021,0,0,2022-05-07
Zip Code,23298,Other,03/2021,0,0,2022-05-07
Zip Code,23298,Other,04/2021,0,0,2022-05-07
Zip Code,23298,Other,05/2021,0,0,2022-05-07
Zip Code,23298,Other,06/2021,0,0,2022-05-07
Zip Code,23298,Other,07/2021,0,0,2022-05-07
Zip Code,23298,Other,08/2021,0,0,2022-05-07
Zip Code,23298,Other,09/2021,0,0,2022-05-07
Zip Code,23298,Other,10/2021,0,0,2022-05-07
Zip Code,23298,Other,11/2021,0,0,2022-05-07
Zip Code,23298,Other,12/2021,0,0,2022-05-07
Zip Code,23298,Other,01/2022,0,0,2022-05-07
Zip Code,23298,Other,02/2022,0,0,2022-05-07
Zip Code,23298,Other,03/2022,0,0,2022-05-07
Zip Code,23298,Other,04/2022,0,0,2022-05-07
Zip Code,23298,Other,05/2022,0,0,2022-05-07
Zip Code,23803,Black,01/2020,15,11,2022-05-07
Zip Code,23803,Black,02/2020,19,18,2022-05-07
Zip Code,23803,Black,03/2020,0,3,2022-05-07
Zip Code,23803,Black,04/2020,0,9,2022-05-07
Zip Code,23803,Black,05/2020,3,8,2022-05-07
Zip Code,23803,Black,06/2020,2,16,2022-05-07
Zip Code,23803,Black,07/2020,5,23,2022-05-07
Zip Code,23803,Black,08/2020,8,6,2022-05-07
Zip Code,23803,Black,09/2020,8,16,2022-05-07
Zip Code,23803,Black,10/2020,4,17,2022-05-07
Zip Code,23803,Black,11/2020,3,7,2022-05-07
Zip Code,23803,Black,12/2020,1,9,2022-05-07
Zip Code,23803,Black,01/2021,5,11,2022-05-07
Zip Code,23803,Black,02/2021,4,18,2022-05-07
Zip Code,23803,Black,03/2021,4,3,2022-05-07
Zip Code,23803,Black,04/2021,4,9,2022-05-07
Zip Code,23803,Black,05/2021,2,8,2022-05-07
Zip Code,23803,Black,06/2021,2,16,2022-05-07
Zip Code,23803,Black,07/2021,5,23,2022-05-07
Zip Code,23803,Black,08/2021,4,6,2022-05-07
Zip Code,23803,Black,09/2021,1,16,2022-05-07
Zip Code,23803,Black,10/2021,5,17,2022-05-07
Zip Code,23803,Black,11/2021,2,7,2022-05-07
Zip Code,23803,Black,12/2021,2,9,2022-05-07
Zip Code,23803,Black,01/2022,4,11,2022-05-07
Zip Code,23803,Black,02/2022,24,18,2022-05-07
Zip Code,23803,Black,03/2022,3,3,2022-05-07
Zip Code,23803,Black,04/2022,18,9,2022-05-07
Zip Code,23803,Black,05/2022,0,4,2022-05-07
Zip Code,23831,White,01/2020,61,84,2022-05-07
Zip Code,23831,White,02/2020,24,64,2022-05-07
Zip Code,23831,White,03/2020,29,33,2022-05-07
Zip Code,23831,White,04/2020,2,65,2022-05-07
Zip Code,23831,White,05/2020,1,53,2022-05-07
Zip Code,23831,White,06/2020,27,73,2022-05-07
Zip Code,23831,White,07/2020,16,62,2022-05-07
Zip Code,23831,White,08/2020,5,48,2022-05-07
Zip Code,23831,White,09/2020,22,71,2022-05-07
Zip Code,23831,White,10/2020,49,86,2022-05-07
Zip Code,23831,White,11/2020,11,60,2022-05-07
Zip Code,23831,White,12/2020,2,76,2022-05-07
Zip Code,23831,White,01/2021,7,84,2022-05-07
Zip Code,23831,White,02/2021,2,62,2022-05-07
Zip Code,23831,White,03/2021,9,33,2022-05-07
Zip Code,23831,White,04/2021,24,65,2022-05-07
Zip Code,23831,White,05/2021,5,53,2022-05-07
Zip Code,23831,White,06/2021,9,73,2022-05-07
Zip Code,23831,White,07/2021,13,62,2022-05-07
Zip Code,23831,White,08/2021,35,48,2022-05-07
Zip Code,23831,White,09/2021,8,71,2022-05-07
Zip Code,23831,White,10/2021,27,86,2022-05-07
Zip Code,23831,White,11/2021,9,60,2022-05-07
Zip Code,23831,White,12/2021,8,76,2022-05-07
Zip Code,23831,White,01/2022,36,84,2022-05-07
Zip Code,23831,White,02/2022,35,62,2022-05-07
Zip Code,23831,White,03/2022,41,33,2022-05-07
Zip Code,23831,White,04/2022,29,65,2022-05-07
Zip Code,23831,White,05/2022,11,3,2022-05-07
Zip Code,23832,White,01/2020,9,25,2022-05-07
Zip Code,23832,White,02/2020,18,19,2022-05-07
Zip Code,23832,White,03/2020,3,17,2022-05-07
Zip Code,23832,White,04/2020,0,20,2022-05-07
Zip Code,23832,White,05/2020,1,26,2022-05-07
Zip Code,23832,White,06/2020,4,28,2022-05-07
Zip Code,23832,White,07/2020,8,20,2022-05-07
Zip Code,23832,White,08/2020,1,29,2022-05-07
Zip Code,23832,White,09/2020,7,29,2022-05-07
Zip Code,23832,White,10/2020,20,24,2022-05-07
Zip Code,23832,White,11/2020,10,27,2022-05-07
Zip Code,23832,White,12/2020,2,24,2022-05-07
Zip Code,23832,White,01/2021,2,25,2022-05-07
Zip Code,23832,White,02/2021,2,19,2022-05-07
Zip Code,23832,White,03/2021,9,17,2022-05-07
Zip Code,23832,White,04/2021,1,20,2022-05-07
Zip Code,23832,White,05/2021,9,26,2022-05-07
Zip Code,23832,White,06/2021,6,28,2022-05-07
Zip Code,23832,White,07/2021,3,20,2022-05-07
Zip Code,23832,White,08/2021,20,29,2022-05-07
Zip Code,23832,White,09/2021,3,29,2022-05-07
Zip Code,23832,White,10/2021,9,24,2022-05-07
Zip Code,23832,White,11/2021,8,27,2022-05-07
Zip Code,23832,White,12/2021,6,24,2022-05-07
Zip Code,23832,White,01/2022,17,25,2022-05-07
Zip Code,23832,White,02/2022,15,19,2022-05-07
Zip Code,23832,White,03/2022,36,17,2022-05-07
Zip Code,23832,White,04/2022,17,20,2022-05-07
Zip Code,23832,White,05/2022,0,4,2022-05-07
Zip Code,23834,White,01/2020,9,30,2022-05-07
Zip Code,23834,White,02/2020,8,18,2022-05-07
Zip Code,23834,White,03/2020,1,18,2022-05-07
Zip Code,23834,White,04/2020,0,21,2022-05-07
Zip Code,23834,White,05/2020,5,19,2022-05-07
Zip Code,23834,White,06/2020,1,20,2022-05-07
Zip Code,23834,White,07/2020,1,26,2022-05-07
Zip Code,23834,White,08/2020,1,24,2022-05-07
Zip Code,23834,White,09/2020,21,36,2022-05-07
Zip Code,23834,White,10/2020,1,21,2022-05-07
Zip Code,23834,White,11/2020,1,23,2022-05-07
Zip Code,23834,White,12/2020,1,14,2022-05-07
Zip Code,23834,White,01/2021,1,30,2022-05-07
Zip Code,23834,White,02/2021,2,18,2022-05-07
Zip Code,23834,White,03/2021,3,18,2022-05-07
Zip Code,23834,White,04/2021,4,21,2022-05-07
Zip Code,23834,White,05/2021,0,19,2022-05-07
Zip Code,23834,White,06/2021,2,20,2022-05-07
Zip Code,23834,White,07/2021,6,26,2022-05-07
Zip Code,23834,White,08/2021,1,24,2022-05-07
Zip Code,23834,White,09/2021,0,36,2022-05-07
Zip Code,23834,White,10/2021,7,21,2022-05-07
Zip Code,23834,White,11/2021,2,23,2022-05-07
Zip Code,23834,White,12/2021,2,14,2022-05-07
Zip Code,23834,White,01/2022,5,30,2022-05-07
Zip Code,23834,White,02/2022,2,18,2022-05-07
Zip Code,23834,White,03/2022,4,18,2022-05-07
Zip Code,23834,White,04/2022,2,21,2022-05-07
Zip Code,23834,White,05/2022,2,2,2022-05-07
Zip Code,23836,White,01/2020,17,25,2022-05-07
Zip Code,23836,White,02/2020,25,19,2022-05-07
Zip Code,23836,White,03/2020,16,21,2022-05-07
Zip Code,23836,White,04/2020,0,9,2022-05-07
Zip Code,23836,White,05/2020,2,33,2022-05-07
Zip Code,23836,White,06/2020,2,28,2022-05-07
Zip Code,23836,White,07/2020,5,32,2022-05-07
Zip Code,23836,White,08/2020,8,21,2022-05-07
Zip Code,23836,White,09/2020,32,31,2022-05-07
Zip Code,23836,White,10/2020,32,38,2022-05-07
Zip Code,23836,White,11/2020,0,17,2022-05-07
Zip Code,23836,White,12/2020,0,55,2022-05-07
Zip Code,23836,White,01/2021,2,25,2022-05-07
Zip Code,23836,White,02/2021,4,19,2022-05-07
Zip Code,23836,White,03/2021,16,21,2022-05-07
Zip Code,23836,White,04/2021,11,9,2022-05-07
Zip Code,23836,White,05/2021,5,33,2022-05-07
Zip Code,23836,White,06/2021,18,28,2022-05-07
Zip Code,23836,White,07/2021,1,32,2022-05-07
Zip Code,23836,White,08/2021,11,21,2022-05-07
Zip Code,23836,White,09/2021,14,31,2022-05-07
Zip Code,23836,White,10/2021,3,38,2022-05-07
Zip Code,23836,White,11/2021,2,17,2022-05-07
Zip Code,23836,White,12/2021,14,55,2022-05-07
Zip Code,23836,White,01/2022,37,25,2022-05-07
Zip Code,23836,White,02/2022,8,19,2022-05-07
Zip Code,23836,White,03/2022,12,21,2022-05-07
Zip Code,23836,White,04/2022,15,9,2022-05-07
Zip Code,23836,White,05/2022,3,1,2022-05-07
Zip Code,23838,White,01/2020,1,2,2022-05-07
Zip Code,23838,White,02/2020,1,1,2022-05-07
Zip Code,23838,White,03/2020,1,0,2022-05-07
Zip Code,23838,White,04/2020,0,2,2022-05-07
Zip Code,23838,White,05/2020,0,1,2022-05-07
Zip Code,23838,White,06/2020,0,1,2022-05-07
Zip Code,23838,White,07/2020,0,0,2022-05-07
Zip Code,23838,White,08/2020,0,4,2022-05-07
Zip Code,23838,White,09/2020,1,5,2022-05-07
Zip Code,23838,White,10/2020,0,0,2022-05-07
Zip Code,23838,White,11/2020,1,3,2022-05-07
Zip Code,23838,White,12/2020,0,3,2022-05-07
Zip Code,23838,White,01/2021,1,2,2022-05-07
Zip Code,23838,White,02/2021,0,1,2022-05-07
Zip Code,23838,White,03/2021,1,0,2022-05-07
Zip Code,23838,White,04/2021,2,2,2022-05-07
Zip Code,23838,White,05/2021,1,1,2022-05-07
Zip Code,23838,White,06/2021,2,1,2022-05-07
Zip Code,23838,White,07/2021,2,0,2022-05-07
Zip Code,23838,White,08/2021,0,4,2022-05-07
Zip Code,23838,White,09/2021,1,5,2022-05-07
Zip Code,23838,White,10/2021,0,0,2022-05-07
Zip Code,23838,White,11/2021,1,3,2022-05-07
Zip Code,23838,White,12/2021,0,3,2022-05-07
Zip Code,23838,White,01/2022,0,2,2022-05-07
Zip Code,23838,White,02/2022,3,1,2022-05-07
Zip Code,23838,White,03/2022,0,0,2022-05-07
Zip Code,23838,White,04/2022,0,2,2022-05-07
Zip Code,23838,White,05/2022,0,0,2022-05-07
Zip Code,sealed,,01/2020,4,9,2022-05-07
Zip Code,sealed,,02/2020,9,8,2022-05-07
Zip Code,sealed,,03/2020,1,14,2022-05-07
Zip Code,sealed,,04/2020,0,14,2022-05-07
Zip Code,sealed,,05/2020,2,20,2022-05-07
Zip Code,sealed,,06/2020,2,17,2022-05-07
Zip Code,sealed,,07/2020,3,40,2022-05-07
Zip Code,sealed,,08/2020,4,28,2022-05-07
Zip Code,sealed,,09/2020,45,295,2022-05-07
Zip Code,sealed,,10/2020,22,286,2022-05-07
Zip Code,sealed,,11/2020,2,84,2022-05-07
Zip Code,sealed,,12/2020,0,15,2022-05-07
Zip Code,sealed,,01/2021,45,9,2022-05-07
Zip Code,sealed,,02/2021,41,7,2022-05-07
Zip Code,sealed,,03/2021,4,14,2022-05-07
Zip Code,sealed,,04/2021,3,14,2022-05-07
Zip Code,sealed,,05/2021,1,20,2022-05-07
Zip Code,sealed,,06/2021,31,17,2022-05-07
Zip Code,sealed,,07/2021,64,40,2022-05-07
Zip Code,sealed,,08/2021,55,28,2022-05-07
Zip Code,sealed,,09/2021,3,295,2022-05-07
Zip Code,sealed,,10/2021,1,286,2022-05-07
Zip Code,sealed,,11/2021,47,84,2022-05-07
Zip Code,sealed,,12/2021,3,15,2022-05-07
Zip Code,sealed,,01/2022,1,9,2022-05-07
Zip Code,sealed,,02/2022,50,7,2022-05-07
Zip Code,sealed,,03/2022,63,14,2022-05-07
Zip Code,sealed,,04/2022,50,14,2022-05-07
Zip Code,sealed,,05/2022,1,0,2022-05-07
